Date,Value,Anomaly_Label,Anomaly_Severity,Branch,Aggregation
2019-04-08,447.0,1,0.09574947776720989,MAA,weekly
2019-04-15,2046.0,1,0.012983417211075113,MAA,weekly
2019-04-22,3186.5,1,0.09053805556175307,MAA,weekly
2019-04-29,4442.0,1,0.1759127582792245,MAA,weekly
2019-05-06,4238.0,1,0.16204064409813,MAA,weekly
2019-05-13,2837.0,1,0.06677185994267201,MAA,weekly
2019-05-20,2305.0,1,0.030595562176288255,MAA,weekly
2019-05-27,2413.0,1,0.037939622625103,MAA,weekly
2019-06-03,3108.5,1,0.08523401190427575,MAA,weekly
2019-06-10,970.0,1,0.06018518503822737,MAA,weekly
2019-06-17,1791.0,1,0.004356725515293041,MAA,weekly
2019-06-24,1908.0,1,0.0035993399709229354,MAA,weekly
2019-07-01,1831.0,1,0.0016367031268431345,MAA,weekly
2019-07-08,373.0,1,0.10078151918584222,MAA,weekly
2019-07-15,1417.5,1,0.029754934567444043,MAA,weekly
2019-07-22,885.5,1,0.06593123233382779,MAA,weekly
2019-07-29,1162.5,1,0.047095077293812196,MAA,weekly
2019-08-05,1109.0,1,0.05073310723836394,MAA,weekly
2019-08-12,414.5,1,0.09795949595782544,MAA,weekly
2019-08-19,744.0,1,0.07555331153296933,MAA,weekly
2019-08-26,1118.5,1,0.050087101921107095,MAA,weekly
2019-09-02,1875.0,1,0.0013553215004517625,MAA,weekly
2019-09-09,592.5,1,0.08585539632922336,MAA,weekly
2019-09-16,902.5,1,0.06477522281873659,MAA,weekly
2019-09-23,731.0,1,0.07643731880921556,MAA,weekly
2019-09-30,3760.5,1,0.12957037683600922,MAA,weekly
2019-10-07,45.0,1,0.12308570277113146,MAA,weekly
2019-10-14,683.5,1,0.07966734539549983,MAA,weekly
2019-10-21,741.0,1,0.07575731321210309,MAA,weekly
2019-10-28,720.0,1,0.07718532496603929,MAA,weekly
2019-11-04,2174.5,1,0.02172148913397044,MAA,weekly
2019-11-11,344.5,1,0.10271953513761278,MAA,weekly
2019-11-18,311.0,1,0.10499755388793958,MAA,weekly
2019-11-25,560.0,1,0.0880654145198389,MAA,weekly
2019-12-02,1446.0,1,0.02781691861567348,MAA,weekly
2019-12-09,654.5,1,0.081639361627126,MAA,weekly
2019-12-16,527.0,1,0.09030943299031008,MAA,weekly
2019-12-23,303.5,1,0.10550755808577393,MAA,weekly
2019-12-30,4155.0,1,0.15639659764209643,MAA,weekly
2020-01-06,897.0,1,0.06514922589714844,MAA,weekly
2020-01-13,799.5,1,0.0717792804689951,MAA,weekly
2020-01-20,737.0,1,0.07602931545094807,MAA,weekly
2020-01-27,893.5,1,0.0653872278561378,MAA,weekly
2020-02-03,2875.0,1,0.06935588121169942,MAA,weekly
2020-02-10,973.0,1,0.05998118335909363,MAA,weekly
2020-02-17,1847.0,1,0.0005486941714631719,MAA,weekly
2020-02-24,3883.5,1,0.1379344456804927,MAA,weekly
2020-03-02,6077.5,1,0.28712767368697006,MAA,weekly
2020-03-09,2589.5,1,0.04994172141413822,MAA,weekly
2020-03-16,1560.5,1,0.020030854528735625,MAA,weekly
2020-03-23,1035.5,1,0.05573114837714065,MAA,weekly
2020-03-30,1035.5,1,0.05573114837714065,MAA,weekly
2020-04-06,1035.5,1,0.05573114837714065,MAA,weekly
2020-04-13,1035.5,1,0.05573114837714065,MAA,weekly
2020-04-20,1035.5,1,0.05573114837714065,MAA,weekly
2020-04-27,1035.5,1,0.05573114837714065,MAA,weekly
2020-05-04,1035.5,1,0.05573114837714065,MAA,weekly
2020-05-11,1035.5,1,0.05573114837714065,MAA,weekly
2020-05-18,2589.0,1,0.049907721134282594,MAA,weekly
2020-05-25,2669.0,1,0.0553477659111824,MAA,weekly
2020-06-01,4493.0,1,0.17938078682449812,MAA,weekly
2020-06-08,2285.5,1,0.029269551261918925,MAA,weekly
2020-06-15,2081.0,1,0.01536343680096878,MAA,weekly
2020-06-22,654.0,1,0.08167336190698164,MAA,weekly
2020-06-29,522.0,1,0.09064943578886632,MAA,weekly
2020-07-06,185.0,1,0.11356562441155678,MAA,weekly
2020-07-13,545.0,1,0.08908542291550763,MAA,weekly
2020-07-20,466.0,1,0.09445746713269619,MAA,weekly
2020-07-27,1413.5,1,0.03002693680628903,MAA,weekly
2020-08-03,1608.5,1,0.016766827662595737,MAA,weekly
2020-08-10,277.0,1,0.107309572918122,MAA,weekly
2020-08-17,192.5,1,0.11305562021372242,MAA,weekly
2020-08-24,452.5,1,0.09537547468879803,MAA,weekly
2020-08-31,3107.0,1,0.08513201106470887,MAA,weekly
2020-09-07,225.5,1,0.11081160174325125,MAA,weekly
2020-09-14,942.0,1,0.0620892007101423,MAA,weekly
2020-09-21,1214.0,1,0.043593048468682935,MAA,weekly
2020-09-28,2309.0,1,0.030867564415133247,MAA,weekly
2020-10-05,1394.0,1,0.03135294772065836,MAA,weekly
2020-10-12,582.0,1,0.08656940220619146,MAA,weekly
2020-10-19,415.0,1,0.09792549567796982,MAA,weekly
2020-10-26,682.0,1,0.0797693462350667,MAA,weekly
2020-11-02,2824.5,1,0.06592185294628142,MAA,weekly
2020-11-09,384.0,1,0.10003351302901849,MAA,weekly
2020-11-16,428.0,1,0.0970414884017236,MAA,weekly
2020-11-23,607.5,1,0.08483538793355465,MAA,weekly
2020-11-30,2842.0,1,0.06711186274122825,MAA,weekly
2020-12-07,99.0,1,0.11941367254672407,MAA,weekly
2020-12-14,407.0,1,0.0984695001556598,MAA,weekly
2020-12-21,1542.0,1,0.02128886488339371,MAA,weekly
2020-12-28,5286.0,1,0.2333052306755175,MAA,weekly
2021-01-04,1447.0,1,0.027748918055962236,MAA,weekly
2021-01-11,909.0,1,0.06433321918061347,MAA,weekly
2021-01-18,520.5,1,0.09075143662843319,MAA,weekly
2021-01-25,1355.5,1,0.0339709692695414,MAA,weekly
2021-02-01,2967.0,1,0.07561193270513421,MAA,weekly
2021-02-08,967.5,1,0.06035518643750548,MAA,weekly
2021-02-15,2277.5,1,0.028725546784228947,MAA,weekly
2021-02-22,1101.0,1,0.051277111716053925,MAA,weekly
2021-03-01,3980.0,1,0.1444964996926281,MAA,weekly
2021-03-08,1028.0,1,0.05624115257497501,MAA,weekly
2021-03-15,1363.0,1,0.03346096507170704,MAA,weekly
2021-03-22,3201.0,1,0.09152406367756616,MAA,weekly
2021-03-29,1294.0,1,0.03815300369178312,MAA,weekly
2021-04-05,4971.0,1,0.2118850543664745,MAA,weekly
2021-04-12,5933.0,1,0.27730159280869476,MAA,weekly
2021-04-19,6065.0,1,0.28627766669057947,MAA,weekly
2021-04-26,2576.5,1,0.049057714137892,MAA,weekly
2021-05-03,3223.5,1,0.09305407627106922,MAA,weekly
2021-05-10,423.0,1,0.09738149120027983,MAA,weekly
2021-05-17,6.0,1,0.12573772459987012,MAA,weekly
2021-05-24,277.0,1,0.107309572918122,MAA,weekly
2021-05-31,420.0,1,0.0975854928794136,MAA,weekly
2021-06-07,6.0,1,0.12573772459987012,MAA,weekly
2021-06-14,281.0,1,0.107037570679277,MAA,weekly
2021-06-21,886.0,1,0.06589723205397217,MAA,weekly
2021-06-28,1964.5,1,0.007441371594608427,MAA,weekly
2021-07-05,1065.5,1,0.05369113158580322,MAA,weekly
2021-07-12,989.0,1,0.05889317440371366,MAA,weekly
2021-07-19,710.0,1,0.07786533056315176,MAA,weekly
2021-07-26,689.5,1,0.07925934203723234,MAA,weekly
2021-08-02,1910.5,1,0.0037693413702010545,MAA,weekly
2021-08-09,632.0,1,0.08316937422062907,MAA,weekly
2021-08-16,1445.5,1,0.027850918895529105,MAA,weekly
2021-08-23,1454.0,1,0.027272914137983502,MAA,weekly
2021-08-30,1522.0,1,0.02264887607761866,MAA,weekly
2021-09-06,844.0,1,0.06875325556184457,MAA,weekly
2021-09-13,617.5,1,0.08415538233644217,MAA,weekly
2021-09-20,1679.0,1,0.011972788202952778,MAA,weekly
2021-09-27,1788.0,1,0.004560727194426783,MAA,weekly
2021-10-04,1501.5,1,0.024042887551699237,MAA,weekly
2021-10-11,479.0,1,0.09357345985644998,MAA,weekly
2021-10-18,806.5,1,0.07130327655101636,MAA,weekly
2021-10-25,1274.0,1,0.03951301488600808,MAA,weekly
2021-11-01,1840.5,1,0.0009906978095862817,MAA,weekly
2021-11-08,625.0,1,0.08364537813860781,MAA,weekly
2021-11-15,488.0,1,0.09296145481904873,MAA,weekly
2021-11-22,244.0,1,0.10955359138859316,MAA,weekly
2021-11-29,1676.5,1,0.012142789602230898,MAA,weekly
2021-12-06,815.0,1,0.07072527179347075,MAA,weekly
2021-12-13,731.0,1,0.07643731880921556,MAA,weekly
2021-12-20,2993.0,1,0.07737994725762665,MAA,weekly
2021-12-27,6299.5,1,0.302223797942867,MAA,weekly
2022-01-03,1767.0,1,0.005988738948362985,MAA,weekly
2022-01-10,1264.5,1,0.040159020203264936,MAA,weekly
2022-01-17,322.0,1,0.10424954773111586,MAA,weekly
2022-01-24,365.0,1,0.1013255236635322,MAA,weekly
2022-01-31,1204.0,1,0.04427305406579541,MAA,weekly
2022-02-07,195.0,1,0.11288561881444431,MAA,weekly
2022-02-14,552.0,1,0.08860941899752889,MAA,weekly
2022-02-21,1342.0,1,0.03488897682564324,MAA,weekly
2022-02-28,6295.5,1,0.3019517957040221,MAA,weekly
2022-03-07,527.5,1,0.09027543271045446,MAA,weekly
2022-03-14,878.5,1,0.06640723625180653,MAA,weekly
2022-03-21,1212.0,1,0.04372904958810544,MAA,weekly
2022-03-28,7656.0,1,0.3944665571911745,MAA,weekly
2022-04-04,1471.0,1,0.02611690462289229,MAA,weekly
2022-04-11,4965.0,1,0.21147705100820705,MAA,weekly
2022-04-18,3758.0,1,0.1294003754367311,MAA,weekly
2022-04-25,5012.5,1,0.21470707759449126,MAA,weekly
2022-05-02,5442.0,1,0.24391331799047214,MAA,weekly
2022-05-09,1037.0,1,0.05562914753757378,MAA,weekly
2022-05-16,1092.0,1,0.051889116753455145,MAA,weekly
2022-05-23,2637.5,1,0.0532057482802781,MAA,weekly
2022-05-30,3537.0,1,0.11437225174054538,MAA,weekly
2022-06-06,995.5,1,0.05845117076559056,MAA,weekly
2022-06-13,623.0,1,0.08378137925803031,MAA,weekly
2022-06-20,919.0,1,0.063653213583501,MAA,weekly
2022-06-27,2775.0,1,0.06255582524057465,MAA,weekly
2022-07-04,1861.5,1,0.0004373139443499192,MAA,weekly
2022-07-11,208.0,1,0.11200161153819808,MAA,weekly
2022-07-18,645.0,1,0.08228536694438286,MAA,weekly
2022-07-25,1397.5,1,0.031114945761668997,MAA,weekly
2022-08-01,1839.0,1,0.0010926986491531531,MAA,weekly
2022-08-08,90.0,1,0.1200256775841253,MAA,weekly
2022-08-15,479.0,1,0.09357345985644998,MAA,weekly
2022-08-22,1092.5,1,0.05185511647359953,MAA,weekly
2022-08-29,2394.0,1,0.036647611990589295,MAA,weekly
2022-09-05,600.0,1,0.085345392131389,MAA,weekly
2022-09-12,554.0,1,0.0884734178781064,MAA,weekly
2022-09-19,1201.0,1,0.04447705574492916,MAA,weekly
2022-09-26,1192.0,1,0.04508906078233039,MAA,weekly
2022-10-03,3018.0,1,0.07907996125040784,MAA,weekly
2022-10-10,237.0,1,0.11002959530657191,MAA,weekly
2022-10-17,813.5,1,0.07082727263303763,MAA,weekly
2022-10-24,529.0,1,0.0901734318708876,MAA,weekly
2022-10-31,2426.0,1,0.03882362990134922,MAA,weekly
2022-11-07,69.0,1,0.1214536893380615,MAA,weekly
2022-11-14,518.0,1,0.0909214380277113,MAA,weekly
2022-11-21,277.0,1,0.107309572918122,MAA,weekly
2022-11-28,994.5,1,0.0585191713253018,MAA,weekly
2022-12-05,1721.0,1,0.009116764695080376,MAA,weekly
2022-12-12,326.0,1,0.10397754549227085,MAA,weekly
2022-12-19,967.0,1,0.06038918671736111,MAA,weekly
2022-12-26,7445.0,1,0.38011843909210125,MAA,weekly
2023-01-02,9382.5,1,0.4,MAA,weekly
2023-01-09,188.0,1,0.11336162273242303,MAA,weekly
2023-01-16,1103.0,1,0.051141110596631435,MAA,weekly
2023-01-23,1270.0,1,0.03978501712485307,MAA,weekly
2023-01-30,2529.5,1,0.045861687831463355,MAA,weekly
2023-02-06,1274.0,1,0.03951301488600808,MAA,weekly
2023-02-13,506.0,1,0.09173744474424628,MAA,weekly
2023-02-20,1753.5,1,0.0069067465044648285,MAA,weekly
2023-02-27,3490.5,1,0.11121022571397235,MAA,weekly
2023-03-06,2346.0,1,0.03338358512444941,MAA,weekly
2023-03-13,1942.0,1,0.005911359001105355,MAA,weekly
2023-03-20,1343.5,1,0.034786975986076364,MAA,weekly
2023-03-27,2688.0,1,0.05663977654569611,MAA,weekly
2023-04-03,7924.0,1,0.4,MAA,weekly
2023-04-10,1177.0,1,0.046109069177999104,MAA,weekly
2023-04-17,1557.5,1,0.02023485620786937,MAA,weekly
2023-04-24,2939.0,1,0.07370791703321927,MAA,weekly
2023-05-01,13920.0,1,0.4,MAA,weekly
2023-05-08,652.5,1,0.08177536274654851,MAA,weekly
2023-05-15,458.0,1,0.09500147161038616,MAA,weekly
2023-05-22,2022.5,1,0.011385404057860793,MAA,weekly
2023-05-29,3742.0,1,0.12831236648135114,MAA,weekly
2023-06-05,6997.0,1,0.3496541883414623,MAA,weekly
2023-06-12,1019.0,1,0.05685315761237623,MAA,weekly
2023-06-19,1621.0,1,0.01591682066620514,MAA,weekly
2023-06-26,1660.0,1,0.013264798837466483,MAA,weekly
2023-07-03,1664.5,1,0.01295879631876587,MAA,weekly
2023-07-10,530.0,1,0.09010543131117633,MAA,weekly
2023-07-17,419.0,1,0.09765349343912483,MAA,weekly
2023-07-24,524.0,1,0.09051343466944384,MAA,weekly
2023-07-31,3654.5,1,0.12236231750661697,MAA,weekly
2023-08-07,299.5,1,0.10577956032461894,MAA,weekly
2023-08-14,1651.0,1,0.013876803874867713,MAA,weekly
2023-08-21,2452.0,1,0.04059164445384167,MAA,weekly
2023-08-28,1074.0,1,0.05311312682825761,MAA,weekly
2023-09-04,907.0,1,0.06446922030003598,MAA,weekly
2023-09-11,1973.0,1,0.008019376352154033,MAA,weekly
2023-09-18,1524.0,1,0.022512874958196163,MAA,weekly
2023-09-25,2325.5,1,0.03198957365036883,MAA,weekly
2023-10-02,2123.0,1,0.01821946030884118,MAA,weekly
2023-10-09,470.0,1,0.0941854648938512,MAA,weekly
2023-10-16,1768.5,1,0.0058867381087961135,MAA,weekly
2023-10-23,1700.5,1,0.010510776169160954,MAA,weekly
2023-10-30,1624.0,1,0.0157128189870714,MAA,weekly
2023-11-06,2034.0,1,0.01216741049454014,MAA,weekly
2023-11-13,1100.0,1,0.05134511227576517,MAA,weekly
2023-11-20,634.0,1,0.08303337310120659,MAA,weekly
2023-11-27,783.5,1,0.07286728942437506,MAA,weekly
2023-12-04,1612.0,1,0.01652882570360637,MAA,weekly
2023-12-11,573.0,1,0.08718140724359269,MAA,weekly
2023-12-18,813.5,1,0.07082727263303763,MAA,weekly
2023-12-25,5465.0,1,0.24547733086383086,MAA,weekly
2024-01-01,11684.0,1,0.4,MAA,weekly
2024-01-08,639.0,1,0.08269337030265035,MAA,weekly
2024-01-15,453.5,1,0.09530747412908679,MAA,weekly
2024-01-22,747.5,1,0.07531530957397997,MAA,weekly
2024-01-29,4569.5,1,0.18458282964240857,MAA,weekly
2024-02-05,3446.0,1,0.10818420080682184,MAA,weekly
2024-02-12,831.0,1,0.06963726283809078,MAA,weekly
2024-02-19,1588.5,1,0.01812683885682069,MAA,weekly
2024-02-26,3839.0,1,0.13490842077334217,MAA,weekly
2024-03-04,7184.0,1,0.3623702930074656,MAA,weekly
2024-03-11,1873.5,1,0.0012533206608848913,MAA,weekly
2024-03-18,4315.0,1,0.16727668719589606,MAA,weekly
2024-03-25,6156.0,1,0.292465717624303,MAA,weekly
2024-04-01,9922.5,1,0.4,MAA,weekly
